PATIENT_ID,IMAGE_ID,OBJECTIVE,SUPERCLASS
146/17,1,20x,nn
146/17,2,20x,nn
146/17,3,20x,nn
146/17,4,20x,nn
146/17,5,20x,nn
146/17,6,40x,nn
146/17,7,40x,nn
146/17,8,40x,nn
146/17,9,40x,nn
146/17,10,40x,nn
146/17,11,20x,pap
146/17,12,20x,pap
146/17,13,20x,pap
146/17,14,20x,pap
146/17,15,20x,pap
146/17,16,40x,pap
146/17,17,40x,pap
146/17,18,40x,pap
146/17,19,40x,pap
146/17,20,40x,pap
160/17,21,20x,nn
160/17,22,20x,nn
160/17,23,20x,nn
160/17,24,20x,nn
160/17,25,20x,nn
160/17,26,20x,nn
160/17,27,20x,nn
160/17,28,20x,nn
160/17,29,20x,nn
160/17,30,20x,nn
160/17,31,20x,pap
160/17,32,20x,pap
160/17,33,20x,pap
160/17,34,20x,pap
160/17,35,20x,pap
160/17,36,40x,pap
160/17,37,40x,pap
160/17,38,40x,pap
160/17,39,40x,pap
160/17,40,40x,pap
99/16,41,20x,nn
99/16,42,20x,nn
99/16,43,20x,nn
99/16,44,20x,nn
99/16,45,20x,nn
99/16,46,40x,nn
99/16,47,40x,nn
99/16,48,40x,nn
99/16,49,40x,nn
99/16,50,40x,nn
99/16,51,20x,pap
99/16,52,20x,pap
99/16,53,20x,pap
99/16,54,20x,pap
99/16,55,20x,pap
99/16,56,40x,pap
99/16,57,40x,pap
99/16,58,40x,pap
99/16,59,40x,pap
99/16,60,40x,pap
13/432,61,20x,nn
13/432,62,20x,nn
13/432,63,20x,nn
13/432,64,20x,nn
13/432,65,20x,nn
13/432,65,40x,nn
13/432,65,40x,nn
13/432,65,40x,nn
13/432,65,40x,nn
13/432,70,40x,nn
13/432,71,20x,pap
13/432,72,20x,pap
13/432,73,20x,pap
13/432,74,20x,pap
13/432,75,20x,pap
13/432,76,40x,pap
13/432,77,40x,pap
13/432,78,40x,pap
13/432,79,40x,pap
13/432,80,40x,pap
224/20,81,20x,nn
224/20,82,20x,nn
224/20,83,20x,nn
224/20,84,20x,nn
224/20,85,20x,nn
224/20,86,40x,nn
224/20,87,40x,nn
224/20,88,40x,nn
224/20,89,40x,nn
224/20,90,40x,nn
224/20,91,20x,pap
224/20,92,20x,pap
224/20,93,20x,pap
224/20,94,20x,pap
224/20,95,20x,pap
224/20,96,40x,pap
224/20,97,40x,pap
224/20,98,40x,pap
224/20,99,40x,pap
224/20,100,40x,pap
277-23 sx,101,20x,nn
277-23 sx,102,20x,nn
277-23 sx,103,20x,nn
277-23 sx,104,20x,nn
277-23 sx,105,20x,nn
277-23 sx,106,40x,nn
277-23 sx,107,40x,nn
277-23 sx,108,40x,nn
277-23 sx,109,40x,nn
277-23 sx,110,40x,nn
277-23 sx,111,20x,pap
277-23 sx,112,20x,pap
277-23 sx,113,20x,pap
277-23 sx,114,20x,pap
277-23 sx,115,20x,pap
277-23 sx,116,40x,pap
277-23 sx,117,40x,pap
277-23 sx,118,40x,pap
277-23 sx,119,40x,pap
277-23 sx,120,40x,pap
717-23 ,121,20x,nn
717-23 ,122,20x,nn
717-23 ,123,20x,nn
717-23 ,124,20x,nn
717-23 ,125,20x,nn
717-23 ,126,40x,nn
717-23 ,127,40x,nn
717-23 ,128,40x,nn
717-23 ,129,40x,nn
717-23 ,130,40x,nn
717-23 ,131,20x,pap
717-23 ,132,20x,pap
717-23 ,133,20x,pap
717-23 ,134,20x,pap
717-23 ,135,20x,pap
717-23 ,136,40x,pap
717-23 ,137,40x,pap
717-23 ,138,40x,pap
717-23 ,139,40x,pap
717-23 ,140,40x,pap
17/17,141,20x,nn
17/17,142,20x,nn
17/17,143,20x,nn
17/17,144,20x,nn
17/17,145,20x,nn
17/17,146,40x,nn
17/17,147,40x,nn
17/17,148,40x,nn
17/17,149,40x,nn
17/17,150,40x,nn
17/17,151,20x,pap
17/17,152,20x,pap
17/17,153,20x,pap
17/17,154,20x,pap
17/17,155,20x,pap
17/17,156,40x,pap
17/17,157,40x,pap
17/17,158,40x,pap
17/17,159,40x,pap
17/17,160,40x,pap
153/22,161,20x,nn
153/22,162,20x,nn
153/22,163,20x,nn
153/22,164,20x,nn
153/22,165,20x,nn
153/22,166,40x,nn
153/22,167,40x,nn
153/22,168,40x,nn
153/22,169,40x,nn
153/22,170,40x,nn
153/22,171,20x,pap
153/22,172,20x,pap
153/22,173,20x,pap
153/22,174,20x,pap
153/22,175,20x,pap
153/22,176,40x,pap
153/22,177,40x,pap
153/22,178,40x,pap
153/22,179,40x,pap
153/22,180,40x,pap
472/22,181,20x,nn
472/22,182,20x,nn
472/22,183,20x,nn
472/22,184,20x,nn
472/22,185,20x,nn
472/22,186,40x,nn
472/22,187,40x,nn
472/22,188,40x,nn
472/22,189,40x,nn
472/22,190,40x,nn
472/22,191,20x,pap
472/22,192,20x,pap
472/22,193,20x,pap
472/22,194,20x,pap
472/22,195,20x,pap
472/22,196,40x,pap
472/22,197,40x,pap
472/22,198,40x,pap
472/22,199,40x,pap
472/22,200,40x,pap
22016-1c,201,20x,nn
22016-1c,202,20x,nn
22016-1c,203,20x,nn
22016-1c,204,20x,nn
22016-1c,205,20x,nn
22016-1c,206,40x,nn
22016-1c,207,40x,nn
22016-1c,208,40x,nn
22016-1c,209,40x,nn
22016-1c,210,40x,nn
22016-1c,211,20x,pap
22016-1c,212,20x,pap
22016-1c,213,20x,pap
22016-1c,214,20x,pap
22016-1c,215,20x,pap
22016-1c,216,40x,pap
22016-1c,217,40x,pap
22016-1c,218,40x,pap
22016-1c,219,40x,pap
22016-1c,220,40x,pap
AP4760,221,20x,nn
AP4760,222,20x,nn
AP4760,223,20x,nn
AP4760,224,20x,nn
AP4760,225,20x,nn
AP4760,226,40x,nn
AP4760,227,40x,nn
AP4760,228,40x,nn
AP4760,229,40x,nn
AP4760,230,40x,nn
AP4760,231,20x,pap
AP4760,232,20x,pap
AP4760,233,20x,pap
AP4760,234,20x,pap
AP4760,235,20x,pap
AP4760,236,40x,pap
AP4760,237,40x,pap
AP4760,238,40x,pap
AP4760,239,40x,pap
AP4760,240,40x,pap
702/21,241,20x,nn
702/21,242,20x,nn
702/21,243,20x,nn
702/21,244,20x,nn
702/21,245,20x,nn
702/21,246,40x,nn
702/21,247,40x,nn
702/21,248,40x,nn
702/21,249,40x,nn
702/21,250,40x,nn
702/21,251,20x,lep
702/21,252,20x,lep
702/21,253,20x,lep
702/21,254,20x,lep
702/21,255,20x,lep
702/21,256,40x,lep
702/21,257,40x,lep
702/21,258,40x,lep
702/21,259,40x,lep
702/21,260,40x,lep
25655-1,261,20x,nn
25655-1,262,20x,nn
25655-1,263,20x,nn
25655-1,264,20x,nn
25655-1,265,20x,nn
25655-1,266,40x,nn
25655-1,267,40x,nn
25655-1,268,40x,nn
25655-1,269,40x,nn
25655-1,270,40x,nn
25655-1,271,20x,lep
25655-1,272,20x,lep
25655-1,273,20x,lep
25655-1,274,20x,lep
25655-1,275,20x,lep
25655-1,276,40x,lep
25655-1,277,40x,lep
25655-1,278,40x,lep
25655-1,279,40x,lep
25655-1,280,40x,lep
170/20,281,20x,nn
170/20,282,20x,nn
170/20,283,20x,nn
170/20,284,20x,nn
170/20,285,20x,nn
170/20,286,40x,nn
170/20,287,40x,nn
170/20,288,40x,nn
170/20,289,40x,nn
170/20,290,40x,nn
170/20,291,20x,squam
170/20,292,20x,squam
170/20,293,20x,squam
170/20,294,20x,squam
170/20,295,20x,squam
170/20,296,40x,squam
170/20,297,40x,squam
170/20,298,40x,squam
170/20,299,40x,squam
170/20,300,40x,squam
220/22,301,20x,nn
220/22,302,20x,nn
220/22,303,20x,nn
220/22,304,20x,nn
220/22,305,20x,nn
220/22,306,40x,nn
220/22,307,40x,nn
220/22,308,40x,nn
220/22,309,40x,nn
220/22,310,40x,nn
220/22,311,20x,squam
220/22,312,20x,squam
220/22,313,20x,squam
220/22,314,20x,squam
220/22,315,20x,squam
220/22,316,40x,squam
220/22,317,40x,squam
220/22,318,40x,squam
220/22,319,40x,squam
220/22,320,40x,squam
472/22,321,20x,nn
472/22,322,20x,nn
472/22,323,20x,nn
472/22,324,20x,nn
472/22,325,20x,nn
472/22,326,40x,nn
472/22,327,40x,nn
472/22,328,40x,nn
472/22,329,40x,nn
472/22,330,40x,nn
AP16955,331,20x,squam
AP16955,332,20x,squam
AP16955,333,20x,squam
AP16955,334,20x,squam
AP16955,335,20x,squam
AP16955,336,40x,squam
AP16955,337,40x,squam
AP16955,338,40x,squam
AP16955,339,40x,squam
AP16955,340,40x,squam
429/18,341,20x,nn
429/18,342,20x,nn
429/18,343,20x,nn
429/18,344,20x,nn
429/18,345,20x,nn
429/18,346,40x,nn
429/18,347,40x,nn
429/18,248,40x,nn
429/18,349,40x,nn
429/18,350,40x,nn
429/18,351,20x,acin
429/18,352,20x,acin
429/18,353,20x,acin
429/18,354,20x,acin
429/18,355,20x,acin
429/18,356,40x,acin
429/18,357,40x,acin
429/18,358,40x,acin
429/18,359,40x,acin
429/18,360,40x,acin
428/17,361,20x,nn
428/17,362,20x,nn
428/17,363,20x,nn
428/17,364,20x,nn
428/17,365,20x,nn
428/17,366,40x,nn
428/17,367,40x,nn
428/17,368,40x,nn
428/17,369,40x,nn
428/17,370,40x,nn
428/17,371,20x,pap
428/17,372,20x,pap
428/17,373,20x,pap
428/17,374,20x,pap
428/17,375,20x,pap
428/17,376,40x,pap
428/17,377,40x,pap
428/17,378,40x,pap
428/17,379,40x,pap
428/17,380,40x,pap
429/17,381,20x,nn
429/17,382,20x,nn
429/17,383,20x,nn
429/17,384,20x,nn
429/17,385,20x,nn
429/17,386,40x,nn
429/17,387,40x,nn
429/17,388,40x,nn
429/17,389,40x,nn
429/17,390,40x,nn
429/17,391,20x,pap
429/17,392,20x,pap
429/17,393,20x,pap
429/17,394,20x,pap
429/17,395,20x,pap
429/17,396,40x,pap
429/17,397,40x,pap
429/17,398,40x,pap
429/17,399,40x,pap
429/17,400,40x,pap
97/1559,401,20x,nn
97/1559,402,20x,nn
97/1559,403,20x,nn
97/1559,404,20x,nn
97/1559,405,20x,nn
97/1559,406,40x,nn
97/1559,407,40x,nn
97/1559,408,40x,nn
97/1559,409,40x,nn
97/1559,410,40x,nn
97/1559,411,20x,pap
97/1559,412,20x,pap
97/1559,413,20x,pap
97/1559,414,20x,pap
97/1559,415,20x,pap
97/1559,416,40x,pap
97/1559,417,40x,pap
97/1559,418,40x,pap
97/1559,419,40x,pap
97/1559,420,40x,pap
99/1270,421,20x,nn
99/1270,422,20x,nn
99/1270,423,20x,nn
99/1270,424,20x,nn
99/1270,425,20x,nn
99/1270,426,40x,nn
99/1270,427,40x,nn
99/1270,428,40x,nn
99/1270,429,40x,nn
99/1270,430,40x,nn
99/1270,431,20x,pap
99/1270,432,20x,pap
99/1270,433,20x,pap
99/1270,434,20x,pap
99/1270,435,20x,pap
99/1270,436,40x,pap
99/1270,437,40x,pap
99/1270,438,40x,pap
99/1270,439,40x,pap
99/1270,440,40x,pap
00/634,441,20x,nn
00/634,442,20x,nn
00/634,443,20x,nn
00/634,444,20x,nn
00/634,445,20x,nn
00/634,446,40x,nn
00/634,447,40x,nn
00/634,448,40x,nn
00/634,449,40x,nn
00/634,450,40x,nn
00/634,451,20x,pap
00/634,452,20x,pap
00/634,453,20x,pap
00/634,454,20x,pap
00/634,455,20x,pap
00/634,456,40x,pap
00/634,457,40x,pap
00/634,458,40x,pap
00/634,459,40x,pap
00/634,460,40x,pap
09/1362,461,20x,nn
09/1362,462,20x,nn
09/1362,463,20x,nn
09/1362,464,20x,nn
09/1362,465,20x,nn
09/1362,466,40x,nn
09/1362,467,40x,nn
09/1362,468,40x,nn
09/1362,469,40x,nn
09/1362,470,40x,nn
09/1362,471,20x,pap
09/1362,472,20x,pap
09/1362,473,20x,pap
09/1362,474,20x,pap
09/1362,475,20x,pap
09/1362,476,40x,pap
09/1362,477,40x,pap
09/1362,478,40x,pap
09/1362,479,40x,pap
09/1362,480,40x,pap
13/0294,481,20x,nn
13/0294,482,20x,nn
13/0294,483,20x,nn
13/0294,484,20x,nn
13/0294,485,20x,nn
13/0294,486,40x,nn
13/0294,487,40x,nn
13/0294,488,40x,nn
13/0294,489,40x,nn
13/0294,490,40x,nn
13/0294,491,20x,acin
13/0294,492,20x,acin
13/0294,493,20x,acin
13/0294,494,20x,acin
13/0294,495,20x,acin
13/0294,496,40x,acin
13/0294,497,40x,acin
13/0294,498,40x,acin
13/0294,499,40x,acin
13/0294,500,40x,acin
08/0045,501,20x,nn
08/0045,502,20x,nn
08/0045,503,20x,nn
08/0045,504,20x,nn
08/0045,505,20x,nn
08/0045,506,40x,nn
08/0045,507,40x,nn
08/0045,508,40x,nn
08/0045,509,40x,nn
08/0045,510,40x,nn
08/0045,511,20x,pap
08/0045,512,20x,pap
08/0045,513,20x,pap
08/0045,514,20x,pap
08/0045,515,20x,pap
08/0045,516,40x,pap
08/0045,517,40x,pap
08/0045,518,40x,pap
08/0045,519,40x,pap
08/0045,520,40x,pap
19/285,521,20x,nn
19/285,522,20x,nn
19/285,523,20x,nn
19/285,524,20x,nn
19/285,525,20x,nn
19/285,526,40x,nn
19/285,527,40x,nn
19/285,528,40x,nn
19/285,529,40x,nn
19/285,530,40x,nn
19/285,531,20x,pap
19/285,532,20x,pap
19/285,533,20x,pap
19/285,534,20x,pap
19/285,535,20x,pap
19/285,536,40x,pap
19/285,537,40x,pap
19/285,538,40x,pap
19/285,539,40x,pap
19/285,540,40x,pap
10/125,541,20x,nn
10/125,542,20x,nn
10/125,543,20x,nn
10/125,544,20x,nn
10/125,545,20x,nn
10/125,546,40x,nn
10/125,547,40x,nn
10/125,548,40x,nn
10/125,549,40x,nn
10/125,550,40x,nn
10/125,551,20x,micropap
10/125,552,20x,micropap
10/125,553,20x,micropap
10/125,554,20x,micropap
10/125,555,20x,micropap
10/125,556,40x,micropap
10/125,557,40x,micropap
10/125,558,40x,micropap
10/125,559,40x,micropap
10/125,560,40x,micropap
19/1128,561,20x,nn
19/1128,562,20x,nn
19/1128,563,20x,nn
19/1128,564,20x,nn
19/1128,565,20x,nn
19/1128,566,40x,nn
19/1128,567,40x,nn
19/1128,568,40x,nn
19/1128,569,40x,nn
19/1128,570,40x,nn
19/1128,571,20x,sol
19/1128,572,20x,sol
19/1128,573,20x,sol
19/1128,574,20x,sol
19/1128,575,20x,sol
19/1128,576,40x,sol
19/1128,577,40x,sol
19/1128,578,40x,sol
19/1128,579,40x,sol
19/1128,580,40x,sol
13/845,581,20x,nn
13/845,582,20x,nn
13/845,583,20x,nn
13/845,584,20x,nn
13/845,585,20x,nn
13/845,586,40x,nn
13/845,587,40x,nn
13/845,588,40x,nn
13/845,589,40x,nn
13/845,590,40x,nn
13/845,591,20x,sol
13/845,592,20x,sol
13/845,593,20x,sol
13/845,594,20x,sol
13/845,595,20x,sol
13/845,596,40x,sol
13/845,597,40x,sol
13/845,598,40x,sol
13/845,599,40x,sol
13/845,600,40x,sol
04/392,601,20x,nn
04/392,602,20x,nn
04/392,603,20x,nn
04/392,604,20x,nn
04/392,605,20x,nn
04/392,606,40x,nn
04/392,607,40x,nn
04/392,608,40x,nn
04/392,609,40x,nn
04/392,610,40x,nn
04/392,611,20x,pap
04/392,612,20x,pap
04/392,613,20x,pap
04/392,614,20x,pap
04/392,615,20x,pap
04/392,616,40x,pap
04/392,617,40x,pap
04/392,618,40x,pap
04/392,619,40x,pap
04/392,620,40x,pap
15/1384,621,20x,nn
15/1384,622,20x,nn
15/1384,623,20x,nn
15/1384,624,20x,nn
15/1384,625,20x,nn
15/1384,626,40x,nn
15/1384,627,40x,nn
15/1384,628,40x,nn
15/1384,629,40x,nn
15/1384,630,40x,nn
15/1384,631,20x,acin
15/1384,632,20x,acin
15/1384,633,20x,acin
15/1384,634,20x,acin
15/1384,635,20x,acin
15/1384,636,40x,acin
15/1384,637,40x,acin
15/1384,638,40x,acin
15/1384,639,40x,acin
15/1384,640,40x,acin
97/1094,641,20x,nn
97/1094,642,20x,nn
97/1094,643,20x,nn
97/1094,644,20x,nn
97/1094,645,20x,nn
97/1094,646,40x,nn
97/1094,647,40x,nn
97/1094,648,40x,nn
97/1094,649,40x,nn
97/1094,650,40x,nn
97/1094,651,20x,sol
97/1094,652,20x,sol
97/1094,653,20x,sol
97/1094,654,20x,sol
97/1094,655,20x,sol
97/1094,656,40x,sol
97/1094,657,40x,sol
97/1094,658,40x,sol
97/1094,659,40x,sol
97/1094,660,40x,sol
07/714,661,20x,nn
07/714,662,20x,nn
07/714,663,20x,nn
07/714,664,20x,nn
07/714,665,20x,nn
07/714,666,40x,nn
07/714,667,40x,nn
07/714,668,40x,nn
07/714,669,40x,nn
07/714,670,40x,nn
07/714,671,20x,acin
07/714,672,20x,acin
07/714,673,20x,acin
07/714,674,20x,acin
07/714,675,20x,acin
07/714,676,40x,acin
07/714,677,40x,acin
07/714,678,40x,acin
07/714,679,40x,acin
07/714,680,40x,acin
465/15,681,20x,nn
465/15,682,20x,nn
465/15,683,20x,nn
465/15,684,20x,nn
465/15,685,20x,nn
465/15,686,40x,nn
465/15,687,40x,nn
465/15,688,40x,nn
465/15,689,40x,nn
465/15,690,40x,nn
465/15,691,20x,sol
465/15,692,20x,sol
465/15,693,20x,sol
465/15,694,20x,sol
465/15,695,20x,sol
465/15,696,40x,sol
465/15,697,40x,sol
465/15,698,40x,sol
465/15,699,40x,sol
465/15,700,40x,sol
21/24,701,20x,nn
21/24,702,20x,nn
21/24,703,20x,nn
21/24,704,20x,nn
21/24,705,20x,nn
21/24,706,40x,nn
21/24,707,40x,nn
21/24,708,40x,nn
21/24,709,40x,nn
21/24,710,40x,nn
21/24,711,20x,squam
21/24,712,20x,squam
21/24,713,20x,squam
21/24,714,20x,squam
21/24,715,20x,squam
21/24,716,40x,squam
21/24,717,40x,squam
21/24,718,40x,squam
21/24,719,40x,squam
21/24,720,40x,squam
94/1450,721,20x,nn
94/1450,722,20x,nn
94/1450,723,20x,nn
94/1450,724,20x,nn
94/1450,725,20x,nn
94/1450,726,40x,nn
94/1450,727,40x,nn
94/1450,728,40x,nn
94/1450,729,40x,nn
94/1450,730,40x,nn
94/1450,731,20x,pap
94/1450,732,20x,pap
94/1450,733,20x,pap
94/1450,734,20x,pap
94/1450,735,20x,pap
94/1450,736,40x,pap
94/1450,737,40x,pap
94/1450,738,40x,pap
94/1450,739,40x,pap
94/1450,740,40x,pap
06/1055,741,20x,nn
06/1055,742,20x,nn
06/1055,743,20x,nn
06/1055,744,20x,nn
06/1055,745,20x,nn
06/1055,746,40x,nn
06/1055,747,40x,nn
06/1055,748,40x,nn
06/1055,749,40x,nn
06/1055,750,40x,nn
06/1055,751,20x,pap
06/1055,752,20x,pap
06/1055,753,20x,pap
06/1055,754,20x,pap
06/1055,755,20x,pap
06/1055,756,40x,pap
06/1055,757,40x,pap
06/1055,758,40x,pap
06/1055,759,40x,pap
06/1055,760,40x,pap
98/1366,761,20x,nn
98/1366,762,20x,nn
98/1366,763,20x,nn
98/1366,764,20x,nn
98/1366,765,20x,nn
98/1366,766,40x,nn
98/1366,767,40x,nn
98/1366,768,40x,nn
98/1366,769,40x,nn
98/1366,770,40x,nn
98/1366,771,20x,pap
98/1366,772,20x,pap
98/1366,773,20x,pap
98/1366,774,20x,pap
98/1366,775,20x,pap
98/1366,776,40x,pap
98/1366,777,40x,pap
98/1366,778,40x,pap
98/1366,779,40x,pap
98/1366,780,40x,pap
428/17,781,20x,nn
428/17,782,20x,nn
428/17,783,20x,nn
428/17,784,20x,nn
428/17,785,20x,nn
428/17,786,40x,nn
428/17,787,40x,nn
428/17,788,40x,nn
428/17,789,40x,nn
428/17,790,40x,nn
01/899,791,20x,sol
01/899,792,20x,sol
01/899,793,20x,sol
01/899,794,20x,sol
01/899,795,20x,sol
01/899,796,40x,sol
01/899,797,40x,sol
01/899,798,40x,sol
01/899,799,40x,sol
01/899,800,40x,sol
11/504,801,20x,nn
11/504,802,20x,nn
11/504,803,20x,nn
11/504,804,20x,nn
11/504,805,20x,nn
11/504,806,40x,nn
11/504,807,40x,nn
11/504,808,40x,nn
11/504,809,40x,nn
11/504,810,40x,nn
11/504,811,20x,pap
11/504,812,20x,pap
11/504,813,20x,pap
11/504,814,20x,pap
11/504,815,20x,pap
11/504,816,40x,pap
11/504,817,40x,pap
11/504,818,40x,pap
11/504,819,40x,pap
11/504,820,40x,pap
06/586,821,20x,nn
06/586,822,20x,nn
06/586,823,20x,nn
06/586,824,20x,nn
06/586,825,20x,nn
06/586,826,40x,nn
06/586,827,40x,nn
06/586,828,40x,nn
06/586,829,40x,nn
06/586,830,40x,nn
06/586,831,20x,acin
06/586,832,20x,acin
06/586,833,20x,acin
06/586,834,20x,acin
06/586,835,20x,acin
06/586,836,40x,acin
06/586,837,40x,acin
06/586,838,40x,acin
06/586,839,40x,acin
06/586,840,40x,acin
97/989,841,20x,nn
97/989,842,20x,nn
97/989,843,20x,nn
97/989,844,20x,nn
97/989,845,20x,nn
97/989,846,40x,nn
97/989,847,40x,nn
97/989,848,40x,nn
97/989,849,40x,nn
97/989,850,40x,nn
97/989,851,20x,pap
97/989,852,20x,pap
97/989,853,20x,pap
97/989,854,20x,pap
97/989,855,20x,pap
97/989,856,40x,pap
97/989,857,40x,pap
97/989,858,40x,pap
97/989,859,40x,pap
97/989,860,40x,pap
14/600,861,20x,nn
14/600,862,20x,nn
14/600,863,20x,nn
14/600,864,20x,nn
14/600,865,20x,nn
14/600,866,40x,nn
14/600,867,40x,nn
14/600,868,40x,nn
14/600,869,40x,nn
14/600,870,40x,nn
14/600,871,20x,pap
14/600,872,20x,pap
14/600,873,20x,pap
14/600,874,20x,pap
14/600,875,20x,pap
14/600,876,40x,pap
14/600,877,40x,pap
14/600,878,40x,pap
14/600,879,40x,pap
14/600,880,40x,pap
21/459,881,20x,nn
21/459,882,20x,nn
21/459,883,20x,nn
21/459,884,20x,nn
21/459,885,20x,nn
21/459,886,40x,nn
21/459,887,40x,nn
21/459,888,40x,nn
21/459,889,40x,nn
21/459,890,40x,nn
21/459,891,20x,micropap
21/459,892,20x,micropap
21/459,893,20x,micropap
21/459,894,20x,micropap
21/459,895,20x,micropap
21/459,896,40x,micropap
21/459,897,40x,micropap
21/459,898,40x,micropap
21/459,899,40x,micropap
21/459,900,40x,micropap
02/1287,901,20x,nn
02/1287,902,20x,nn
02/1287,903,20x,nn
02/1287,904,20x,nn
02/1287,905,20x,nn
02/1287,906,40x,nn
02/1287,907,40x,nn
02/1287,908,40x,nn
02/1287,909,40x,nn
02/1287,910,40x,nn
02/1287,911,20x,pap
02/1287,912,20x,pap
02/1287,913,20x,pap
02/1287,914,20x,pap
02/1287,915,20x,pap
02/1287,916,40x,pap
02/1287,917,40x,pap
02/1287,918,40x,pap
02/1287,919,40x,pap
02/1287,920,40x,pap
99/1176,921,20x,nn
99/1176,922,20x,nn
99/1176,923,20x,nn
99/1176,924,20x,nn
99/1176,925,20x,nn
99/1176,926,40x,nn
99/1176,927,40x,nn
99/1176,928,40x,nn
99/1176,929,40x,nn
99/1176,930,40x,nn
99/1176,931,20x,pap
99/1176,932,20x,pap
99/1176,933,20x,pap
99/1176,934,20x,pap
99/1176,935,20x,pap
99/1176,936,40x,pap
99/1176,937,40x,pap
99/1176,938,40x,pap
99/1176,939,40x,pap
99/1176,940,40x,pap
04/1501,941,20x,nn
04/1501,942,20x,nn
04/1501,943,20x,nn
04/1501,944,20x,nn
04/1501,945,20x,nn
04/1501,946,40x,nn
04/1501,947,40x,nn
04/1501,948,40x,nn
04/1501,949,40x,nn
04/1501,950,40x,nn
04/1501,951,20x,acin
04/1501,952,20x,acin
04/1501,953,20x,acin
04/1501,954,20x,acin
04/1501,955,20x,acin
04/1501,956,40x,acin
04/1501,957,40x,acin
04/1501,958,40x,acin
04/1501,959,40x,acin
04/1501,960,40x,acin
03/561,961,20x,nn
03/561,962,20x,nn
03/561,963,20x,nn
03/561,964,20x,nn
03/561,965,20x,nn
03/561,966,40x,nn
03/561,967,40x,nn
03/561,968,40x,nn
03/561,969,40x,nn
03/561,970,40x,nn
03/561,971,20x,sol
03/561,972,20x,sol
03/561,973,20x,sol
03/561,974,20x,sol
03/561,975,20x,sol
03/561,976,40x,sol
03/561,977,40x,sol
03/561,978,40x,sol
03/561,979,40x,sol
03/561,980,40x,sol
05/318,981,20x,nn
05/318,882,20x,nn
05/318,983,20x,nn
05/318,984,20x,nn
05/318,985,20x,nn
05/318,986,40x,nn
05/318,987,40x,nn
05/318,988,40x,nn
05/318,989,40x,nn
05/318,990,40x,nn
05/318,991,20x,squam
05/318,992,20x,squam
05/318,993,20x,squam
05/318,994,20x,squam
05/318,995,20x,squam
05/318,996,40x,squam
05/318,997,40x,squam
05/318,998,40x,squam
05/318,999,40x,squam
05/318,1000,40x,squam
